USE FlowerShop
Go

select * from SalesPerson
insert into SalesPerson(ID,first_name,last_name,national_code,working_hour,[role],salary,birthdate,gender,hiring_date)
values ('961111111','Hasti','Gohari','2948201047','8-13','florist','5400000','1988-12-21','Female','1396-07-12')
insert into SalesPerson(ID,first_name,last_name,national_code,working_hour,[role],salary,birthdate,gender,hiring_date)
values ('9673992237','Pedram','Kamyar','1287589023','8-13','florist','5400000','1993-09-11','Male','1396-10-01')
insert into SalesPerson(ID,first_name,last_name,national_code,working_hour,[role],salary,birthdate,gender,hiring_date)
values ('9773992237','Mahta','Yari','1286392649','8-13','cashier','5000000','1996-02-11','Female','1397-02-01')
insert into SalesPerson(ID,first_name,last_name,national_code,working_hour,[role],salary,birthdate,gender,hiring_date)
values ('9373992237','Ahoo','Farmani','1285799221','8-20','ShopPerson','10960000','1992-07-13','Female','1393-01-20')

insert into SalesPerson(ID,first_name,last_name,national_code,working_hour,[role],salary,birthdate,gender,hiring_date)
values ('941111111','Fateme','Bahrami','1677903328','15-19','florist','5400000','1996-01-21','Female','1394-07-01')
insert into SalesPerson(ID,first_name,last_name,national_code,working_hour,[role],salary,birthdate,gender,hiring_date)
values ('9573992237','Armin','Bahrami','1670074271','19-23','florist','5400000','1998-12-11','Male','1395-01-01')
insert into SalesPerson(ID,first_name,last_name,national_code,working_hour,[role],salary,birthdate,gender,hiring_date)
values ('9578992217','Amin','Moradi','1279854321','15-23','cashier','7900000','1996-01-19','Male','1395-02-01')

insert into SalesPerson(ID,first_name,last_name,national_code,working_hour,[role],salary,birthdate,gender,hiring_date)
values ('9378993266','Ramin','Farbod','1286778434','6-10','purchaser','6100000','1996-01-21','Male','1393-07-01')
insert into SalesPerson(ID,first_name,last_name,national_code,working_hour,[role],salary,birthdate,gender,hiring_date)
values ('9473955537','Raha','Yousofi','1280074275','6-10','purchaser','6100000','1990-12-11','Female','1394-01-20')
insert into SalesPerson(ID,first_name,last_name,national_code,working_hour,[role],salary,birthdate,gender,hiring_date)
values ('9678992212','Amin','Moradi','1279856781','6-10','purchaser','6100000','1993-01-19','Male','1396-02-01')

select * from Colour
insert into Colour(color_name,Hex_Code) values('Red','#FF0000')
insert into Colour(color_name,Hex_Code) values('Maroon','#800000')
insert into Colour(color_name,Hex_Code) values('DarkRed','#8B0000')
insert into Colour(color_name,Hex_Code) values('Pink','#FFC0CB')
insert into Colour(color_name,Hex_Code) values('MediumVioletRed','#C71585')
insert into Colour(color_name,Hex_Code) values('PaleVioletRed','#DB7093')
insert into Colour(color_name,Hex_Code) values('LightSalmon','#FFA07A')
insert into Colour(color_name,Hex_Code) values('Orange','#FFA500')
insert into Colour(color_name,Hex_Code) values('Yellow','#FFFF00')
insert into Colour(color_name,Hex_Code) values('LemonChiffon','#FFFACD')
insert into Colour(color_name,Hex_Code) values('Lavender','#E6E6FA')
insert into Colour(color_name,Hex_Code) values('Orange','#FFA500')
insert into Colour(color_name,Hex_Code) values('Purple','#800080')
insert into Colour(color_name,Hex_Code) values('RebeccaPurple','#663399')
insert into Colour(color_name,Hex_Code) values('LimeGreen','#32CD32')
insert into Colour(color_name,Hex_Code) values('SeaGreen','#2E8B57')
insert into Colour(color_name,Hex_Code) values('Olive','#808000')
insert into Colour(color_name,Hex_Code) values('Teal','#008080')
insert into Colour(color_name,Hex_Code) values('SkyBlue','#87CEEB')
insert into Colour(color_name,Hex_Code) values('Navy','#000080')
insert into Colour(color_name,Hex_Code) values('BlanchedAlmond','#FFEBCD')
insert into Colour(color_name,Hex_Code) values('Sienna','#A0522D')
insert into Colour(color_name,Hex_Code) values('White','#FFFFFF')
insert into Colour(color_name,Hex_Code) values('Snow','#FFFAFA')
insert into Colour(color_name,Hex_Code) values('Gold','#FFD700')


select * from FlowerType
delete from FlowerType 
insert into FlowerType(Title,More_Info) values('Cut Flowers','Shakhe boride/')
insert into FlowerType(Title,More_Info) values('Flowers','golhaye zinati baghche/')
insert into FlowerType(Title,More_Info) values('Potted plant','Goldani bedoone Gol/')
insert into FlowerType(Title) values('Cactus/Succulent')
insert into FlowerType(Title,More_Info) values('Terrarium','Bagh shishei/')
insert into FlowerType(Title,More_Info) values('Potted plant Flower','Goldani ba Gol/')

select * from Occasion

insert into Occasion(Title) values ('Birthday')
insert into Occasion(Title) values ('Anniversary')
insert into Occasion(Title) values ('Valentine')
insert into Occasion(Title) values ('Funeral')
insert into Occasion(Title) values ('ChampionShip')
insert into Occasion(Title,Occasion_Description) values ('other','Appreciation')

select * from Customer
delete from Customer
insert into Customer(first_name,last_name,Addess,phone,birthdate,gender) 
values('Neda','Ahadi','Esfahan,Apadana Aval,k32','33575679','1365-09-30','Female')
insert into Customer(first_name,last_name,Addess,phone,birthdate,gender) 
values('Zahra','Baradaran','Tehran,YousofAbad,bisotoon','22575679','1345-11-03','Female') 
insert into Customer(first_name,last_name,Addess,phone,birthdate,gender) 
values('Darab','Lotfi',null,null,'1332-12-03','Male') 
insert into Customer(first_name,last_name,Addess,phone,birthdate,gender) 
values('Mohammad','Rezaie',null,null,'1366-01-13','Male') 
insert into Customer(first_name,last_name,Addess,phone,birthdate,gender) 
values('Mohammad','lolaie',null,null,'1351-11-03','Male') 
insert into Customer(first_name,last_name,Addess,phone,birthdate,gender) 
values('Bahar','Royaie',null,null,'1377-08-03','Female') 
insert into Customer(first_name,last_name,Addess,phone,birthdate,gender) 
values('Soroush','Shafiee','Esfahan,Molasadra,k34','33895679','1370-09-30','Male')
insert into Customer(first_name,last_name,Addess,phone,birthdate,gender) 
values('Hoda','Zaribaf','Shiraz,Sharyati,k144','49575679','1367-11-03','Female') 

select * from GreenHouse

insert into GreenHouse([name],Manager,[Owner],[Address],phone)
values ('SabzKhane','Raha Ahmadi','Narges Taghados','Kashan,Voroodi1','5589611')
insert into GreenHouse([name],Manager,[Owner],[Address],phone)
values ('BehtarinGiyah','Ghazale Zehtab','Ghazale Zehtab','Esfahan,Masir1','33289611')
insert into GreenHouse([name],Manager,[Owner],[Address],phone)
values ('GoleZendegi','Farimah Ataie','Nasim Zareie','Esfahan,Masir2','36680699')



select * from SalesPerson where [role]='purchaser'
select * from GreenHouse
select * from Buy

insert into Buy(Greenhouse_ID,SalesPerson_ID,Total_peyment,Buy_date) 
values(1,'9378993266',1900000,'1398-12-02')
insert into Buy(Greenhouse_ID,SalesPerson_ID,Total_peyment,Buy_date) 
values(2,'9473955537',2900000,'1398-12-02')
insert into Buy(Greenhouse_ID,SalesPerson_ID,Total_peyment,Buy_date) 
values(3,'9678992212',1100000,'1398-12-02')
insert into Buy(Greenhouse_ID,SalesPerson_ID,Total_peyment,Buy_date) 
values(1,'9378993266',900000,'1398-12-03')
insert into Buy(Greenhouse_ID,SalesPerson_ID,Total_peyment,Buy_date) 
values(2,'9473955537',500000,'1398-12-03')
insert into Buy(Greenhouse_ID,SalesPerson_ID,Total_peyment,Buy_date) 
values(3,'9678992212',1000000,'1398-12-03')
insert into Buy(Greenhouse_ID,SalesPerson_ID,Total_peyment,Buy_date) 
values(1,'9378993266',1900000,'1398-12-04')
insert into Buy(Greenhouse_ID,SalesPerson_ID,Total_peyment,Buy_date) 
values(2,'9473955537',2900000,'1398-12-04')
insert into Buy(Greenhouse_ID,SalesPerson_ID,Total_peyment,Buy_date) 
values(3,'9678992212',1100000,'1398-12-04')
insert into Buy(Greenhouse_ID,SalesPerson_ID,Total_peyment,Buy_date) 
values(1,'9378993266',900000,'1398-12-05')
insert into Buy(Greenhouse_ID,SalesPerson_ID,Total_peyment,Buy_date) 
values(2,'9473955537',500000,'1398-12-05')
insert into Buy(Greenhouse_ID,SalesPerson_ID,Total_peyment,Buy_date) 
values(3,'9678992212',1000000,'1398-12-05')
insert into Buy(Greenhouse_ID,SalesPerson_ID,Total_peyment,Buy_date) 
values(1,'9378993266',900000,'1398-12-06')
insert into Buy(Greenhouse_ID,SalesPerson_ID,Total_peyment,Buy_date) 
values(2,'9473955537',500000,'1398-12-06')
insert into Buy(Greenhouse_ID,SalesPerson_ID,Total_peyment,Buy_date) 
values(3,'9678992212',600000,'1398-12-06')
insert into Buy(Greenhouse_ID,SalesPerson_ID,Total_peyment,Buy_date) 
values(1,'9378993266',900000,'1398-12-07')
insert into Buy(Greenhouse_ID,SalesPerson_ID,Total_peyment,Buy_date) 
values(2,'9473955537',500000,'1398-12-07')
insert into Buy(Greenhouse_ID,SalesPerson_ID,Total_peyment,Buy_date) 
values(3,'9678992212',600000,'1398-12-07')
insert into Buy(Greenhouse_ID,SalesPerson_ID,Total_peyment,Buy_date) 
values(1,'9378993266',900000,'1398-12-11')
insert into Buy(Greenhouse_ID,SalesPerson_ID,Total_peyment,Buy_date) 
values(2,'9473955537',500000,'1398-12-11')
insert into Buy(Greenhouse_ID,SalesPerson_ID,Total_peyment,Buy_date) 
values(3,'9678992212',600000,'1398-12-11')
insert into Buy(Greenhouse_ID,SalesPerson_ID,Total_peyment,Buy_date) 
values(1,'9378993266',900000,'1398-12-12')
insert into Buy(Greenhouse_ID,SalesPerson_ID,Total_peyment,Buy_date) 
values(2,'9473955537',500000,'1398-12-12')
insert into Buy(Greenhouse_ID,SalesPerson_ID,Total_peyment,Buy_date) 
values(3,'9678992212',600000,'1398-12-12')
insert into Buy(Greenhouse_ID,SalesPerson_ID,Total_peyment,Buy_date) 
values(1,'9378993266',900000,'1398-12-15')
insert into Buy(Greenhouse_ID,SalesPerson_ID,Total_peyment,Buy_date) 
values(2,'9473955537',500000,'1398-12-15')
insert into Buy(Greenhouse_ID,SalesPerson_ID,Total_peyment,Buy_date) 
values(3,'9678992212',600000,'1398-12-15')
insert into Buy(Greenhouse_ID,SalesPerson_ID,Total_peyment,Buy_date) 
values(1,'9378993266',900000,'1398-12-17')
insert into Buy(Greenhouse_ID,SalesPerson_ID,Total_peyment,Buy_date) 
values(2,'9473955537',500000,'1398-12-17')
insert into Buy(Greenhouse_ID,SalesPerson_ID,Total_peyment,Buy_date) 
values(3,'9678992212',600000,'1398-12-17')
insert into Buy(Greenhouse_ID,SalesPerson_ID,Total_peyment,Buy_date) 
values(1,'9378993266',900000,'1398-12-19')
insert into Buy(Greenhouse_ID,SalesPerson_ID,Total_peyment,Buy_date) 
values(2,'9473955537',500000,'1398-12-19')
insert into Buy(Greenhouse_ID,SalesPerson_ID,Total_peyment,Buy_date) 
values(3,'9678992212',600000,'1398-12-19')
insert into Buy(Greenhouse_ID,SalesPerson_ID,Total_peyment,Buy_date) 
values(1,'9378993266',1000000,'1398-12-21')
insert into Buy(Greenhouse_ID,SalesPerson_ID,Total_peyment,Buy_date) 
values(2,'9473955537',500000,'1398-12-21')
insert into Buy(Greenhouse_ID,SalesPerson_ID,Total_peyment,Buy_date) 
values(3,'9678992212',600000,'1398-12-21')
insert into Buy(Greenhouse_ID,SalesPerson_ID,Total_peyment,Buy_date) 
values(1,'9378993266',900000,'1398-12-23')
insert into Buy(Greenhouse_ID,SalesPerson_ID,Total_peyment,Buy_date) 
values(2,'9473955537',500000,'1398-12-23')
insert into Buy(Greenhouse_ID,SalesPerson_ID,Total_peyment,Buy_date) 
values(3,'9678992212',600000,'1398-12-23')
insert into Buy(Greenhouse_ID,SalesPerson_ID,Total_peyment,Buy_date) 
values(1,'9378993266',900000,'1398-12-25')
insert into Buy(Greenhouse_ID,SalesPerson_ID,Total_peyment,Buy_date) 
values(2,'9473955537',500000,'1398-12-25')
insert into Buy(Greenhouse_ID,SalesPerson_ID,Total_peyment,Buy_date) 
values(3,'9678992212',600000,'1398-12-25')
insert into Buy(Greenhouse_ID,SalesPerson_ID,Total_peyment,Buy_date) 
values(1,'9378993266',300000,'1398-12-27')
insert into Buy(Greenhouse_ID,SalesPerson_ID,Total_peyment,Buy_date) 
values(2,'9473955537',500000,'1398-12-27')
insert into Buy(Greenhouse_ID,SalesPerson_ID,Total_peyment,Buy_date) 
values(3,'9678992212',400000,'1398-12-27')
insert into Buy(Greenhouse_ID,SalesPerson_ID,Total_peyment,Buy_date) 
values(1,'9378993266',900000,'1399-01-05')
insert into Buy(Greenhouse_ID,SalesPerson_ID,Total_peyment,Buy_date) 
values(2,'9473955537',500000,'1399-01-05')
insert into Buy(Greenhouse_ID,SalesPerson_ID,Total_peyment,Buy_date) 
values(3,'9678992212',600000,'1399-01-05')
insert into Buy(Greenhouse_ID,SalesPerson_ID,Total_peyment,Buy_date) 
values(1,'9378993266',900000,'1399-01-06')
insert into Buy(Greenhouse_ID,SalesPerson_ID,Total_peyment,Buy_date) 
values(2,'9473955537',500000,'1399-01-07')
insert into Buy(Greenhouse_ID,SalesPerson_ID,Total_peyment,Buy_date) 
values(3,'9678992212',600000,'1399-01-08')
insert into Buy(Greenhouse_ID,SalesPerson_ID,Total_peyment,Buy_date) 
values(1,'9378993266',900000,'1399-01-09')
insert into Buy(Greenhouse_ID,SalesPerson_ID,Total_peyment,Buy_date) 
values(2,'9473955537',500000,'1399-01-10')
insert into Buy(Greenhouse_ID,SalesPerson_ID,Total_peyment,Buy_date) 
values(3,'9678992212',600000,'1399-01-12')
insert into Buy(Greenhouse_ID,SalesPerson_ID,Total_peyment,Buy_date) 
values(1,'9378993266',900000,'1399-01-14')
insert into Buy(Greenhouse_ID,SalesPerson_ID,Total_peyment,Buy_date) 
values(2,'9473955537',500000,'1399-01-15')
insert into Buy(Greenhouse_ID,SalesPerson_ID,Total_peyment,Buy_date) 
values(3,'9678992212',600000,'1399-01-16')
insert into Buy(Greenhouse_ID,SalesPerson_ID,Total_peyment,Buy_date) 
values(1,'9378993266',900000,'1399-01-17')
insert into Buy(Greenhouse_ID,SalesPerson_ID,Total_peyment,Buy_date) 
values(2,'9473955537',500000,'1399-01-18')
insert into Buy(Greenhouse_ID,SalesPerson_ID,Total_peyment,Buy_date) 
values(3,'9678992212',600000,'1399-01-19')

insert into Buy(Greenhouse_ID,SalesPerson_ID,Total_peyment,Buy_date) 
values(1,'9378993266',900000,'1399-01-26')
insert into Buy(Greenhouse_ID,SalesPerson_ID,Total_peyment,Buy_date) 
values(2,'9473955537',500000,'1399-01-29')
insert into Buy(Greenhouse_ID,SalesPerson_ID,Total_peyment,Buy_date) 
values(3,'9678992212',600000,'1399-02-02')


select * from Packaging
select * from Occasion
delete from Packaging
insert into Packaging(Packag_Type,Design,[Card])
values ('Basket','I trust on florist','Yes')
insert into Packaging(Packag_Type,Paper_Color_ID,String_Color_ID,Design,[Card])
values ('Basket',119,102,'I design myself','No')
insert into Packaging(Packag_Type,Design,[Card])
values ('Basket','I trust on florist','No')
insert into Packaging(Packag_Type,Design,[Card])
values ('Bouquet/Dastegol','I trust on florist','Yes')
insert into Packaging(Packag_Type,Design,[Card])
values ('Bouquet/Dastegol','I trust on florist','No')
insert into Packaging(Packag_Type,Paper_Color_ID,String_Color_ID,Design,Package_Description,[Card])
values ('Bouquet/Dastegol',107,106,'I design myself','I Love You on card','Yes')
insert into Packaging(Packag_Type,Paper_Color_ID,String_Color_ID,Design,Package_Description,[Card])
values ('Bouquet/Dastegol',109,114,'I design myself','Proud of you on card','Yes')
insert into Packaging(Packag_Type,Design,[Card])
values ('Single Flower','I trust on florist','No')
insert into Packaging(Packag_Type,Design,Package_Description,[Card])
values ('Single Flower','I trust on florist','Use Red','No')

select * from Flower
select * from Buy
select * from FlowerType
select * from Colour
insert into Flower(Flower_name,Flower_color_ID,Lasting_Time,Number,Buy_ID,[Type_ID])
values ('Rose','102','3',220,64,10)
insert into Flower(Flower_name,Flower_color_ID,Lasting_Time,Number,Buy_ID,[Type_ID])
values ('Rose','100','3',200,64,10)
insert into Flower(Flower_name,Flower_color_ID,Lasting_Time,Number,Buy_ID,[Type_ID])
values ('Rose','103','3',200,64,10)
insert into Flower(Flower_name,Flower_color_ID,Lasting_Time,Number,Buy_ID,[Type_ID])
values ('Rose','122','3',100,64,10)
insert into Flower(Flower_name,Flower_color_ID,Lasting_Time,Number,Buy_ID,[Type_ID])
values ('Aralia','111','3',180,64,3)
insert into Flower(Flower_name,Flower_color_ID,Lasting_Time,Number,Buy_ID,[Type_ID])
values ('Aralia','111','3',180,64,3)
insert into Flower(Flower_name,Flower_color_ID,Lasting_Time,Number,Buy_ID,[Type_ID])
values ('Aspidistra elatior','111','3',100,64,3)

insert into Flower(Flower_name,Flower_color_ID,Lasting_Time,Number,Buy_ID,[Type_ID])
values ('Rose','102','3',220,67,10)
insert into Flower(Flower_name,Flower_color_ID,Lasting_Time,Number,Buy_ID,[Type_ID])
values ('Rose','100','3',200,67,10)
insert into Flower(Flower_name,Flower_color_ID,Lasting_Time,Number,Buy_ID,[Type_ID])
values ('Rose','103','3',200,67,10)
insert into Flower(Flower_name,Flower_color_ID,Lasting_Time,Number,Buy_ID,[Type_ID])
values ('Rose','122','3',100,67,10)
insert into Flower(Flower_name,Flower_color_ID,Lasting_Time,Number,Buy_ID,[Type_ID])
values ('Aralia','111','3',180,67,3)
insert into Flower(Flower_name,Flower_color_ID,Lasting_Time,Number,Buy_ID,[Type_ID])
values ('Aralia','111','3',180,67,3)
insert into Flower(Flower_name,Flower_color_ID,Lasting_Time,Number,Buy_ID,[Type_ID])
values ('Aspidistra elatior','111','3',100,67,3)

insert into Flower(Flower_name,Flower_color_ID,Lasting_Time,Number,Buy_ID,[Type_ID])
values ('Gazmania','107','14',20,65,9)
insert into Flower(Flower_name,Flower_color_ID,Lasting_Time,Number,Buy_ID,[Type_ID])
values ('Virziya','124','14',20,65,9)
insert into Flower(Flower_name,Flower_color_ID,Lasting_Time,Number,Buy_ID,[Type_ID])
values ('Virzayi','106','14',20,65,9)
insert into Flower(Flower_name,Flower_color_ID,Lasting_Time,Number,Buy_ID,[Type_ID])
values ('Orkide','108','14',10,65,9)
insert into Flower(Flower_name,Flower_color_ID,Lasting_Time,Number,Buy_ID,[Type_ID])
values ('Orkide','122','14',10,65,9)
insert into Flower(Flower_name,Flower_color_ID,Lasting_Time,Number,Buy_ID,[Type_ID])
values ('Anar','100','14',10,65,9)
insert into Flower(Flower_name,Flower_color_ID,Lasting_Time,Number,Buy_ID,[Type_ID])
values ('Sonbol','108','14',10,65,9)

insert into Flower(Flower_name,Flower_color_ID,Lasting_Time,Number,Buy_ID,[Type_ID])
values ('Havertia','111','7',20,66,5)
insert into Flower(Flower_name,Flower_color_ID,Lasting_Time,Number,Buy_ID,[Type_ID])
values ('Cerasula','111','7',100,66,5)
insert into Flower(Flower_name,Flower_color_ID,Lasting_Time,Number,Buy_ID,[Type_ID])
values ('kirsto','111','7',20,66,5)
insert into Flower(Flower_name,Flower_color_ID,Lasting_Time,Number,Buy_ID,[Type_ID])
values ('Mirtilo','110','7',10,66,5)



insert into Flower(Flower_name,Flower_color_ID,Lasting_Time,Number,Buy_ID,[Type_ID])
values ('Gazmania','107','14',20,68,9)
insert into Flower(Flower_name,Flower_color_ID,Lasting_Time,Number,Buy_ID,[Type_ID])
values ('Virziya','124','14',20,68,9)
insert into Flower(Flower_name,Flower_color_ID,Lasting_Time,Number,Buy_ID,[Type_ID])
values ('Virzayi','106','14',20,68,9)
insert into Flower(Flower_name,Flower_color_ID,Lasting_Time,Number,Buy_ID,[Type_ID])
values ('Orkide','108','14',10,68,9)
insert into Flower(Flower_name,Flower_color_ID,Lasting_Time,Number,Buy_ID,[Type_ID])
values ('Orkide','122','14',10,68,9)
insert into Flower(Flower_name,Flower_color_ID,Lasting_Time,Number,Buy_ID,[Type_ID])
values ('Anar','100','14',10,68,9)
insert into Flower(Flower_name,Flower_color_ID,Lasting_Time,Number,Buy_ID,[Type_ID])
values ('Sonbol','108','14',10,68,9)

insert into Flower(Flower_name,Flower_color_ID,Lasting_Time,Number,Buy_ID,[Type_ID])
values ('Havertia','111','7',20,69,5)
insert into Flower(Flower_name,Flower_color_ID,Lasting_Time,Number,Buy_ID,[Type_ID])
values ('Cerasula','111','7',100,69,5)
insert into Flower(Flower_name,Flower_color_ID,Lasting_Time,Number,Buy_ID,[Type_ID])
values ('kirsto','111','7',20,69,5)
insert into Flower(Flower_name,Flower_color_ID,Lasting_Time,Number,Buy_ID,[Type_ID])
values ('Mirtilo','110','7',10,69,5)

insert into Flower(Flower_name,Flower_color_ID,Lasting_Time,Number,Buy_ID,[Type_ID])
values ('Rose','102','3',220,70,10)
insert into Flower(Flower_name,Flower_color_ID,Lasting_Time,Number,Buy_ID,[Type_ID])
values ('Rose','100','3',200,70,10)
insert into Flower(Flower_name,Flower_color_ID,Lasting_Time,Number,Buy_ID,[Type_ID])
values ('Rose','103','3',200,70,10)
insert into Flower(Flower_name,Flower_color_ID,Lasting_Time,Number,Buy_ID,[Type_ID])
values ('Rose','122','3',100,70,10)
insert into Flower(Flower_name,Flower_color_ID,Lasting_Time,Number,Buy_ID,[Type_ID])
values ('Aralia','111','3',180,70,3)
insert into Flower(Flower_name,Flower_color_ID,Lasting_Time,Number,Buy_ID,[Type_ID])
values ('Aralia','111','3',180,70,3)
insert into Flower(Flower_name,Flower_color_ID,Lasting_Time,Number,Buy_ID,[Type_ID])
values ('Aspidistra elatior','111','3',100,70,3)

insert into Flower(Flower_name,Flower_color_ID,Lasting_Time,Number,Buy_ID,[Type_ID])
values ('Gazmania','107','14',20,71,9)
insert into Flower(Flower_name,Flower_color_ID,Lasting_Time,Number,Buy_ID,[Type_ID])
values ('Virziya','124','14',20,71,9)
insert into Flower(Flower_name,Flower_color_ID,Lasting_Time,Number,Buy_ID,[Type_ID])
values ('Virzayi','106','14',20,71,9)
insert into Flower(Flower_name,Flower_color_ID,Lasting_Time,Number,Buy_ID,[Type_ID])
values ('Orkide','108','14',10,71,9)
insert into Flower(Flower_name,Flower_color_ID,Lasting_Time,Number,Buy_ID,[Type_ID])
values ('Orkide','122','14',10,71,9)
insert into Flower(Flower_name,Flower_color_ID,Lasting_Time,Number,Buy_ID,[Type_ID])
values ('Anar','100','14',10,71,9)
insert into Flower(Flower_name,Flower_color_ID,Lasting_Time,Number,Buy_ID,[Type_ID])
values ('Sonbol','108','14',10,71,9)

insert into Flower(Flower_name,Flower_color_ID,Lasting_Time,Number,Buy_ID,[Type_ID])
values ('Havertia','111','7',20,72,5)
insert into Flower(Flower_name,Flower_color_ID,Lasting_Time,Number,Buy_ID,[Type_ID])
values ('Cerasula','111','7',100,72,5)
insert into Flower(Flower_name,Flower_color_ID,Lasting_Time,Number,Buy_ID,[Type_ID])
values ('kirsto','111','7',20,72,5)
insert into Flower(Flower_name,Flower_color_ID,Lasting_Time,Number,Buy_ID,[Type_ID])
values ('Mirtilo','110','7',10,72,5)

select * from Customer
select * from Flower
select * from Packaging
select * from [Order]
select * from Occasion
delete from [Order]
insert into [Order] (Customer_ID,Flower_ID,Order_type,Shop_date,Number,Package_ID,Total_Cost,Discount,Final_Cost,Occasion_ID)
Values (110,1,'Online','1398-12-02',20,2,250000,0,250000,6)
insert into [Order] (Customer_ID,Flower_ID,Order_type,Shop_date,Number,Package_ID,Total_Cost,Discount,Final_Cost,Occasion_ID)
Values (111,3,'Online','1398-12-03',40,2,350000,0,350000,1)
insert into [Order] (Customer_ID,Flower_ID,Order_type,Shop_date,Number,Package_ID,Total_Cost,Discount,Final_Cost,Occasion_ID)
Values (112,1,'Not_Online','1398-12-03',4,6,50000,0,50000,1)
insert into [Order] (Customer_ID,Flower_ID,Order_type,Shop_date,Number,Package_ID,Total_Cost,Discount,Final_Cost,Occasion_ID,More)
Values (113,3,'Not_Online','1398-12-03',150,6,1500000,0,1500000,6,'All Reses are used')
insert into [Order] (Customer_ID,Flower_ID,Order_type,Shop_date,Number,Package_ID,Total_Cost,Discount,Final_Cost,Occasion_ID)
Values (114,3,'Not_Online','1398-12-04',9,6,150000,0,150000,2)
insert into [Order] (Customer_ID,Flower_ID,Order_type,Shop_date,Number,Package_ID,Total_Cost,Discount,Final_Cost,Occasion_ID)
Values (115,2,'Not_Online','1398-12-04',12,6,430000,0,430000,1)
insert into [Order] (Customer_ID,Flower_ID,Order_type,Shop_date,Number,Package_ID,Total_Cost,Discount,Final_Cost,Occasion_ID)
Values (110,1,'Not_Online','1398-12-04',2,6,30000,0,30000,6)

insert into [Order] (Customer_ID,Flower_ID,Order_type,Shop_date,Number,Package_ID,Total_Cost,Discount,Final_Cost,Occasion_ID,More)
Values (113,51,'Not_Online','1398-12-05',1,NULL,50000,0,50000,6,NULL)
insert into [Order] (Customer_ID,Flower_ID,Order_type,Shop_date,Number,Package_ID,Total_Cost,Discount,Final_Cost,Occasion_ID)
Values (114,50,'Not_Online','1398-12-05',4,NULL,250000,30000,220000,1)
insert into [Order] (Customer_ID,Flower_ID,Order_type,Shop_date,Number,Package_ID,Total_Cost,Discount,Final_Cost,Occasion_ID)
Values (115,52,'Not_Online','1398-12-05',2,NULL,100000,0,100000,1)
insert into [Order] (Customer_ID,Flower_ID,Order_type,Shop_date,Number,Package_ID,Total_Cost,Discount,Final_Cost,Occasion_ID)
Values (116,55,'Online','1398-12-05',2,NULL,30000,0,30000,6)
insert into [Order] (Customer_ID,Flower_ID,Order_type,Shop_date,Number,Package_ID,Total_Cost,Discount,Final_Cost,Occasion_ID)
Values (117,3,'Online','1398-12-05',22,7,300000,0,300000,2)
insert into [Order] (Customer_ID,Flower_ID,Order_type,Shop_date,Number,Package_ID,Total_Cost,Discount,Final_Cost,Occasion_ID)
Values (110,1,'Online','1398-12-06',20,2,250000,0,250000,6)
insert into [Order] (Customer_ID,Flower_ID,Order_type,Shop_date,Number,Package_ID,Total_Cost,Discount,Final_Cost,Occasion_ID)
Values (111,3,'Online','1398-12-06',40,2,350000,0,350000,6)
insert into [Order] (Customer_ID,Flower_ID,Order_type,Shop_date,Number,Package_ID,Total_Cost,Discount,Final_Cost,Occasion_ID)
Values (112,1,'Not_Online','1398-12-06',4,6,50000,0,50000,6)
insert into [Order] (Customer_ID,Flower_ID,Order_type,Shop_date,Number,Package_ID,Total_Cost,Discount,Final_Cost,Occasion_ID)
Values (110,2,'Online','1398-12-09',20,2,250000,0,250000,6)
insert into [Order] (Customer_ID,Flower_ID,Order_type,Shop_date,Number,Package_ID,Total_Cost,Discount,Final_Cost,Occasion_ID)
Values (111,5,'Online','1398-12-09',40,2,350000,0,350000,6)


with T(id,t) as 
(select Customer_ID,Sum(Final_Cost) as t from [Order] group by Customer_ID)
update Customer
set total_purchase=t
from Customer,T
where Customer.ID=T.id
